-- MySQL dump 10.13  Distrib 8.0.42, for Win64 (x86_64)
--
-- Host: localhost    Database: slang_quiz_app
-- ------------------------------------------------------
-- Server version	8.0.42

SET FOREIGN_KEY_CHECKS = 0;


--
-- Dumping data for table `hint`
--



INSERT INTO `hint` VALUES (1,2,'점심 메뉴 추천의 줄임말','오늘 점심 뭐 먹지? () 좀 해줘'),(2,1,'힌트 1','예문 1'),(3,3,'힌트 3','예문 3'),(4,4,'힌트 4','예문 4'),(5,5,'힌트 5','예문 5'),(6,6,'힌트 6','예문 6'),(7,7,'힌트 7','예문 7'),(8,8,'힌트 8','예문 8'),(9,9,'힌트 9','예문 9'),(10,10,'힌트 10','예문 10'),(11,11,'힌트 11','예문 11'),(12,12,'힌트 12','예문 12'),(13,13,'힌트 13','예문 13'),(14,14,'힌트 14','예문 14'),(15,15,'힌트 15','예문 15'),(16,16,'힌트 16','예문 16'),(17,17,'힌트 17','예문 17'),(18,18,'힌트 18','예문 18'),(19,19,'힌트 19','예문 19'),(20,20,'힌트 20','예문 20'),(21,21,'힌트 21','예문 21'),(22,22,'힌트 22','예문 22');



--
-- Dumping data for table `quiz`
--



INSERT INTO `quiz` VALUES (1,'점메추는 무엇의 줄임말일까?',NULL),(2,'점메추는 무엇의 줄임말일까?',NULL),(3,'문제 1',NULL),(4,'문제 2',NULL),(5,'문제 3',NULL),(6,'문제 4',NULL),(7,'문제 5',NULL),(8,'문제 6',NULL),(9,'문제 7',NULL),(10,'문제 8',NULL),(11,'문제 9',NULL),(12,'문제 10',NULL),(13,'문제 11',NULL),(14,'문제 12',NULL),(15,'문제 13',NULL),(16,'문제 14',NULL),(17,'문제 15',NULL),(18,'문제 16',NULL),(19,'문제 17',NULL),(20,'문제 18',NULL),(21,'문제 19',NULL),(22,'문제 20',NULL);



--
-- Dumping data for table `quizoption`
--



INSERT INTO `quizoption` (`option_id`, `quiz_id`, `option_text`, `option_meaning`, `example_text`, `answer_number`, `is_answer`) VALUES (1,1,'보기 4','뜻 4',NULL,4,0),(2,1,'보기 3','뜻 3',NULL,3,0),(3,1,'보기 2','뜻 2','예문 1',2,1),(4,1,'보기 1','뜻 1',NULL,1,0),(5,2,'보기 4','뜻 4',NULL,4,0),(6,2,'보기 3','뜻 3',NULL,3,0),(7,2,'보기 2','뜻 2','예문 2',2,1),(8,2,'보기 1','뜻 1',NULL,1,0),(9,3,'보기 4','뜻 4',NULL,4,0),(10,3,'보기 3','뜻 3',NULL,3,0),(11,3,'보기 2','뜻 2','예문 3',2,1),(12,3,'보기 1','뜻 1',NULL,1,0),(13,4,'보기 4','뜻 4',NULL,4,0),(14,4,'보기 3','뜻 3',NULL,3,0),(15,4,'보기 2','뜻 2','예문 4',2,1),(16,4,'보기 1','뜻 1',NULL,1,0),(17,5,'보기 4','뜻 4',NULL,4,0),(18,5,'보기 3','뜻 3',NULL,3,0),(19,5,'보기 2','뜻 2','예문 5',2,1),(20,5,'보기 1','뜻 1',NULL,1,0),(21,6,'보기 4','뜻 4',NULL,4,0),(22,6,'보기 3','뜻 3',NULL,3,0),(23,6,'보기 2','뜻 2','예문 6',2,1),(24,6,'보기 1','뜻 1',NULL,1,0),(25,7,'보기 4','뜻 4',NULL,4,0),(26,7,'보기 3','뜻 3',NULL,3,0),(27,7,'보기 2','뜻 2','예문 7',2,1),(28,7,'보기 1','뜻 1',NULL,1,0),(29,8,'보기 4','뜻 4',NULL,4,0),(30,8,'보기 3','뜻 3',NULL,3,0),(31,8,'보기 2','뜻 2','예문 8',2,1),(32,8,'보기 1','뜻 1',NULL,1,0),(33,9,'보기 4','뜻 4',NULL,4,0),(34,9,'보기 3','뜻 3',NULL,3,0),(35,9,'보기 2','뜻 2','예문 9',2,1),(36,9,'보기 1','뜻 1',NULL,1,0),(37,10,'보기 4','뜻 4',NULL,4,0),(38,10,'보기 3','뜻 3',NULL,3,0),(39,10,'보기 2','뜻 2','예문 10',2,1),(40,10,'보기 1','뜻 1',NULL,1,0),(41,11,'보기 4','뜻 4',NULL,4,0),(42,11,'보기 3','뜻 3',NULL,3,0),(43,11,'보기 2','뜻 2','예문 11',2,1),(44,11,'보기 1','뜻 1',NULL,1,0),(45,12,'보기 4','뜻 4',NULL,4,0),(46,12,'보기 3','뜻 3',NULL,3,0),(47,12,'보기 2','뜻 2','예문 12',2,1),(48,12,'보기 1','뜻 1',NULL,1,0),(49,13,'보기 4','뜻 4',NULL,4,0),(50,13,'보기 3','뜻 3',NULL,3,0),(51,13,'보기 2','뜻 2','예문 13',2,1),(52,13,'보기 1','뜻 1',NULL,1,0),(53,14,'보기 4','뜻 4',NULL,4,0),(54,14,'보기 3','뜻 3',NULL,3,0),(55,14,'보기 2','뜻 2','예문 14',2,1),(56,14,'보기 1','뜻 1',NULL,1,0),(57,15,'보기 4','뜻 4',NULL,4,0),(58,15,'보기 3','뜻 3',NULL,3,0),(59,15,'보기 2','뜻 2','예문 15',2,1),(60,15,'보기 1','뜻 1',NULL,1,0),(61,16,'보기 4','뜻 4',NULL,4,0),(62,16,'보기 3','뜻 3',NULL,3,0),(63,16,'보기 2','뜻 2','예문 16',2,1),(64,16,'보기 1','뜻 1',NULL,1,0),(65,17,'보기 4','뜻 4',NULL,4,0),(66,17,'보기 3','뜻 3',NULL,3,0),(67,17,'보기 2','뜻 2','예문 17',2,1),(68,17,'보기 1','뜻 1',NULL,1,0),(69,18,'보기 4','뜻 4',NULL,4,0),(70,18,'보기 3','뜻 3',NULL,3,0),(71,18,'보기 2','뜻 2','예문 18',2,1),(72,18,'보기 1','뜻 1',NULL,1,0),(73,19,'보기 4','뜻 4',NULL,4,0),(74,19,'보기 3','뜻 3',NULL,3,0),(75,19,'보기 2','뜻 2','예문 19',2,1),(76,19,'보기 1','뜻 1',NULL,1,0),(77,20,'보기 4','뜻 4',NULL,4,0),(78,20,'보기 3','뜻 3',NULL,3,0),(79,20,'보기 2','뜻 2','예문 20',2,1),(80,20,'보기 1','뜻 1',NULL,1,0),(81,21,'보기 4','뜻 4',NULL,4,0),(82,21,'보기 3','뜻 3',NULL,3,0),(83,21,'보기 2','뜻 2','예문 21',2,1),(84,21,'보기 1','뜻 1',NULL,1,0),(85,22,'보기 4','뜻 4',NULL,4,0),(86,22,'보기 3','뜻 3',NULL,3,0),(87,22,'보기 2','뜻 2','예문 22',2,1),(88,22,'보기 1','뜻 1',NULL,1,0);













SET FOREIGN_KEY_CHECKS = 1;
